SampleID,PatientID,FASTQID,Enterotype,Batch,Day,Gender,Race,Age,ARDS,SIRS,Sepsis,Severe,Shock,APACHE,inhosp,month,year,Death,ICU,Vent,severity,PF,malignancy,diabetes,immunosuppressed,COPD,Alcohol,severity_bin,Cefepime,Ceftriaxone,Zosyn,Vancomycin,Meropenem,Cipro,Moxifloxacin,Zithromax,patho,metab,min,Phenotype,ACE,Observed ASVs,Chao1,Fisher,Pielou,Shannon,Simpson,Dominant taxa,Gini
197S1,197.0,JAH118_S118,Metabolic dysbiosis,2.0,1.0,1.0,0.0,50.34,0.0,1.0,1.0,1.0,1.0,37.0,1.0,1.0,1.0,15.0,0.0,1.0,0.0,150.0,1.0,1.0,1.0,0.0,0.0,0.0,0.0,0.0,1.0,1.0,0.0,0.0,0.0,0.0,0.0,1.0,0.0,delta,82.0,82.0,82.0,10.367760072256583,4.630873164257466,4.630873164257466,0.9260705243601348,Bacteroides,0.9883868536497205
198S1,198.0,JAH119_S119,Minimal dysbiosis,3.0,1.0,0.0,0.0,70.06,1.0,1.0,1.0,1.0,0.0,32.0,1.0,1.0,1.0,9.0,0.0,0.0,2.0,125.0,0.0,1.0,0.0,0.0,0.0,0.0,0.0,1.0,0.0,0.0,0.0,0.0,0.0,1.0,0.0,0.0,1.0,gamma,133.0,133.0,133.0,19.35350588890868,5.279283587092463,5.279283587092463,0.935005964615132,Bacteroides,0.9793071785220904
200S1,200.0,JAH121_S121,Metabolic dysbiosis,3.0,1.0,0.0,0.0,23.59,1.0,1.0,1.0,1.0,1.0,37.0,1.0,1.0,1.0,4.0,0.0,0.0,3.0,37.0,0.0,0.0,0.0,0.0,1.0,1.0,1.0,0.0,0.0,1.0,0.0,0.0,0.0,0.0,0.0,1.0,0.0,gamma,73.0,73.0,73.0,9.369825755728057,4.344464828626511,4.344464828626511,0.9168563541945192,Bacteroidales,0.9903838310944862
201S1,201.0,JAH122_S122,Minimal dysbiosis,3.0,1.0,1.0,0.0,53.41,0.0,1.0,1.0,1.0,0.0,28.0,0.0,0.0,0.0,365.0,8.0,0.0,0.0,129.0,0.0,0.0,0.0,0.0,0.0,0.0,0.0,1.0,0.0,0.0,1.0,0.0,0.0,0.0,0.0,0.0,1.0,delta,144.24034288194443,144.0,144.0,19.99358096401166,5.648868458957423,5.648868458957423,0.9631710772039426,Bacteroides,0.976876120457598
202S1,202.0,JAH123_S123,Metabolic dysbiosis,3.0,1.0,1.0,0.0,76.9,0.0,1.0,1.0,1.0,1.0,20.0,0.0,0.0,0.0,365.0,22.0,23.0,0.0,210.0,0.0,0.0,0.0,0.0,0.0,0.0,0.0,0.0,0.0,0.0,0.0,0.0,1.0,0.0,0.0,1.0,0.0,delta,59.0,59.0,59.0,7.353354865455762,3.5019343981418194,3.5019343981418194,0.8367667663247649,Bacteroides,0.9942043063015223
203S1,203.0,JAH124_S124,Metabolic dysbiosis,3.0,1.0,0.0,0.0,59.73,0.0,1.0,1.0,1.0,1.0,33.0,0.0,1.0,1.0,16.0,10.0,11.0,0.0,265.0,1.0,0.0,1.0,0.0,0.0,0.0,1.0,0.0,0.0,1.0,0.0,0.0,0.0,0.0,0.0,1.0,0.0,gamma,46.0,46.0,46.0,6.326736135068429,4.082495999727327,4.082495999727327,0.8693069443802034,Phascolarctobacterium,0.9912221038655612
204S1,204.0,JAH125_S125,Pathogen dysbiosis,3.0,1.0,0.0,0.0,73.08,0.0,1.0,1.0,1.0,1.0,35.0,0.0,1.0,1.0,14.0,4.0,9.0,0.0,223.0,1.0,1.0,0.0,0.0,0.0,0.0,0.0,1.0,1.0,1.0,0.0,0.0,0.0,0.0,1.0,0.0,0.0,delta,51.44444444444444,47.0,49.0,5.011370351843078,3.180840352430766,3.180840352430766,0.8232573833938285,Lactobacillus,0.9952494647106588
205S1,205.0,JAH126_S126,Minimal dysbiosis,3.0,1.0,0.0,0.0,82.09,1.0,1.0,1.0,1.0,0.0,27.0,1.0,1.0,1.0,14.0,0.0,0.0,2.0,171.0,1.0,0.0,0.0,0.0,0.0,0.0,0.0,0.0,1.0,0.0,0.0,0.0,0.0,0.0,0.0,0.0,1.0,delta,88.0,88.0,88.0,11.207301986652269,4.376143098229447,4.376143098229447,0.908015664741704,Bacteroides,0.989884261824558
207S1,207.0,JAH128_S128,Metabolic dysbiosis,3.0,1.0,1.0,3.0,46.34,1.0,1.0,1.0,1.0,1.0,26.0,1.0,1.0,1.0,24.0,0.0,1.0,3.0,75.0,1.0,0.0,1.0,0.0,0.0,1.0,0.0,0.0,1.0,1.0,0.0,0.0,0.0,0.0,0.0,1.0,0.0,alpha,119.0,119.0,119.0,14.496961375196554,4.594704055196067,4.594704055196067,0.9193972795992448,Staphylococcus,0.987867618331732
208S1,208.0,JAH129_S129,Pathogen dysbiosis,3.0,1.0,1.0,0.0,70.96,0.0,1.0,1.0,1.0,1.0,39.0,1.0,1.0,1.0,9.0,0.0,7.0,0.0,90.0,0.0,0.0,0.0,0.0,0.0,0.0,0.0,0.0,0.0,0.0,0.0,0.0,0.0,0.0,1.0,0.0,0.0,delta,26.306970959271908,26.0,26.0,2.605751072185499,2.259999330378961,2.259999330378961,0.7349252124155488,Enterobacteriaceae,0.997404098330315
209S1,209.0,JAH130_S130,Metabolic dysbiosis,3.0,1.0,1.0,0.0,88.87,1.0,1.0,1.0,1.0,1.0,20.0,0.0,1.0,1.0,14.0,3.0,3.0,1.0,225.0,0.0,0.0,0.0,0.0,0.0,0.0,0.0,1.0,0.0,0.0,0.0,0.0,0.0,1.0,0.0,1.0,0.0,gamma,75.0,75.0,75.0,7.6430926687373635,3.132411615989532,3.132411615989532,0.7778418648384876,Bacteroides,0.9949750676150344
220S1,220.0,G131-09,Pathogen dysbiosis,3.0,1.0,0.0,0.0,82.02,1.0,1.0,1.0,1.0,1.0,32.0,1.0,1.0,1.0,23.0,5.0,19.0,1.0,225.0,0.0,1.0,0.0,0.0,0.0,0.0,0.0,1.0,1.0,0.0,0.0,1.0,0.0,1.0,1.0,0.0,0.0,delta,60.62903831705484,60.0,60.0,7.587826103676714,5.115433839301435,5.115433839301435,0.953484139919426,Allorhizobium-Neorhizobium-Pararhizobium-Rhizobium,0.9842092891200754
210S1,210.0,JAH131_S131,Metabolic dysbiosis,3.0,1.0,0.0,0.0,49.28,0.0,1.0,1.0,1.0,1.0,32.0,0.0,0.0,0.0,365.0,12.0,17.0,0.0,211.0,0.0,0.0,0.0,1.0,0.0,0.0,0.0,1.0,0.0,0.0,0.0,0.0,0.0,1.0,0.0,1.0,0.0,alpha,67.0,67.0,67.0,7.815685241035652,3.942847921146145,3.942847921146145,0.8633279364420158,Bacteroides,0.9921455924593214
211S1,211.0,JAH132_S132,Pathogen dysbiosis,3.0,1.0,1.0,0.0,56.51,1.0,1.0,1.0,1.0,1.0,27.0,0.0,0.0,0.0,365.0,12.0,18.0,3.0,48.0,0.0,0.0,0.0,0.0,0.0,1.0,0.0,0.0,1.0,1.0,0.0,1.0,0.0,0.0,1.0,0.0,0.0,alpha,73.0,73.0,73.0,7.359469441259254,1.0384974870253882,1.0384974870253882,0.2062976594128105,Enterococcus,0.9973524715526042
212S1,212.0,G131-01,Minimal dysbiosis,3.0,1.0,1.0,0.0,90.93,0.0,1.0,1.0,1.0,0.0,21.0,0.0,0.0,0.0,365.0,25.0,26.0,0.0,110.0,0.0,0.0,0.0,0.0,0.0,0.0,0.0,1.0,0.0,0.0,0.0,0.0,0.0,1.0,0.0,0.0,1.0,alpha,149.0,149.0,149.0,19.53705637901876,4.728170475890343,4.728170475890343,0.870092627615352,Bacteroides,0.981165502153096
213S1,213.0,G131-02,Metabolic dysbiosis,3.0,1.0,0.0,0.0,32.5,0.0,1.0,1.0,1.0,1.0,19.0,0.0,0.0,0.0,365.0,16.0,17.0,0.0,175.0,0.0,0.0,0.0,0.0,1.0,0.0,0.0,0.0,1.0,0.0,0.0,0.0,0.0,0.0,0.0,1.0,0.0,delta,68.0,68.0,68.0,9.399218602521644,4.641273319836337,4.641273319836337,0.9230219092780518,Bacteroides,0.9882124834365076
214S1,214.0,G131-03,Metabolic dysbiosis,3.0,1.0,0.0,0.0,79.86,1.0,1.0,1.0,1.0,0.0,25.0,1.0,1.0,1.0,11.0,0.0,0.0,2.0,121.0,0.0,0.0,1.0,0.0,0.0,0.0,0.0,0.0,1.0,1.0,0.0,0.0,0.0,0.0,0.0,1.0,0.0,gamma,95.85852694018784,95.0,96.0,13.85858388485164,4.206819575513073,4.206819575513073,0.8060182213191968,Bacteroidales,0.9861917985216124
215S1,215.0,G131-04,Minimal dysbiosis,3.0,1.0,0.0,0.0,93.34,1.0,1.0,1.0,1.0,1.0,21.0,0.0,0.0,1.0,37.0,23.0,26.0,2.0,148.0,0.0,0.0,0.0,0.0,0.0,0.0,0.0,1.0,0.0,1.0,0.0,0.0,0.0,0.0,0.0,0.0,1.0,delta,143.16260162601623,143.0,143.0,20.708262381982152,5.126390600558896,5.126390600558896,0.907994129709753,Campylobacter,0.9796462086247236
216S1,216.0,G131-05,Metabolic dysbiosis,3.0,1.0,0.0,0.0,86.51,0.0,1.0,0.0,0.0,0.0,26.0,0.0,0.0,1.0,250.0,25.0,26.0,0.0,223.0,0.0,0.0,1.0,0.0,0.0,0.0,1.0,0.0,0.0,1.0,0.0,0.0,0.0,0.0,0.0,1.0,0.0,beta,58.0,58.0,58.0,8.060480951276896,4.355564254477036,4.355564254477036,0.9248374440982156,Bacteroides,0.990823466559497
217S1,217.0,G131-06,Minimal dysbiosis,3.0,1.0,0.0,0.0,79.79,0.0,1.0,1.0,1.0,1.0,24.0,0.0,1.0,1.0,15.0,1.0,5.0,0.0,268.0,1.0,0.0,1.0,1.0,0.0,0.0,0.0,0.0,1.0,1.0,0.0,0.0,0.0,0.0,0.0,0.0,1.0,alpha,126.0,126.0,126.0,17.30735724929584,4.774587250159142,4.774587250159142,0.9126985326481172,Bacteroides,0.983992537435209
218S1,218.0,G131-07,Pathogen dysbiosis,3.0,1.0,0.0,0.0,64.19,0.0,1.0,1.0,1.0,1.0,31.0,1.0,1.0,1.0,2.0,0.0,0.0,0.0,158.0,0.0,1.0,0.0,0.0,0.0,0.0,0.0,0.0,1.0,0.0,0.0,0.0,0.0,0.0,1.0,0.0,0.0,delta,84.0,84.0,84.0,10.366592711612236,4.848059598072389,4.848059598072389,0.9240771294827068,Anaerococcus,0.984990467749198
219S1,219.0,G131-08,Metabolic dysbiosis,3.0,1.0,1.0,0.0,69.63,1.0,1.0,1.0,1.0,0.0,18.0,1.0,1.0,1.0,17.0,0.0,0.0,2.0,124.0,0.0,1.0,0.0,0.0,0.0,0.0,0.0,0.0,1.0,1.0,0.0,1.0,0.0,0.0,0.0,1.0,0.0,alpha,143.0,143.0,143.0,15.063744188844856,5.224251607949999,5.224251607949999,0.9361910909557744,Bacteroides,0.9800012992546964
221S1,221.0,G131-10,Minimal dysbiosis,3.0,1.0,0.0,0.0,75.22,0.0,1.0,1.0,1.0,0.0,27.0,0.0,0.0,1.0,69.0,21.0,26.0,0.0,146.0,0.0,1.0,0.0,0.0,0.0,0.0,0.0,0.0,1.0,0.0,0.0,0.0,0.0,0.0,0.0,0.0,1.0,delta,123.1470588235294,123.0,123.0,17.046329058434683,5.157138241984363,5.157138241984363,0.936594259009064,Prevotellaceae,0.9819031640723918
222S1,222.0,G131-11,Metabolic dysbiosis,3.0,1.0,1.0,0.0,86.19,0.0,1.0,0.0,0.0,0.0,21.0,0.0,0.0,1.0,144.0,25.0,26.0,0.0,236.0,0.0,1.0,0.0,0.0,0.0,0.0,0.0,1.0,1.0,0.0,0.0,0.0,0.0,0.0,0.0,1.0,0.0,gamma,62.0,62.0,62.0,7.501810800653099,3.761398132159503,3.761398132159503,0.8159531691421196,Bacteroides,0.9920322010736924
223S1,223.0,G131-12,Minimal dysbiosis,3.0,1.0,0.0,0.0,65.51,1.0,1.0,1.0,1.0,1.0,25.0,0.0,0.0,1.0,361.0,11.0,13.0,3.0,73.0,0.0,1.0,0.0,0.0,0.0,1.0,0.0,0.0,1.0,1.0,0.0,0.0,0.0,1.0,0.0,0.0,1.0,delta,136.0,136.0,136.0,17.495025641360144,5.065164523275112,5.065164523275112,0.9355859354587898,Bacteroides,0.9831945771143424
50S1,50.0,JAH-15_S15,Pathogen dysbiosis,1.0,1.0,1.0,0.0,73.27,1.0,1.0,1.0,1.0,0.0,29.0,1.0,1.0,1.0,13.0,0.0,0.0,2.0,114.0,0.0,0.0,1.0,0.0,0.0,0.0,0.0,0.0,1.0,1.0,0.0,1.0,0.0,0.0,1.0,0.0,0.0,delta,70.0,70.0,70.0,8.279817148473848,4.147372009660401,4.147372009660401,0.8729013582765512,Staphylococcus,0.9905000734592376
70S1,70.0,JAH-26_S26,Metabolic dysbiosis,1.0,1.0,1.0,0.0,66.97,1.0,1.0,1.0,1.0,1.0,31.0,0.0,0.0,1.0,82.0,0.0,0.0,1.0,250.0,1.0,1.0,1.0,0.0,0.0,0.0,1.0,0.0,0.0,0.0,0.0,0.0,0.0,0.0,0.0,1.0,0.0,delta,38.0,38.0,38.0,4.617090015015613,3.5528608058324167,3.5528608058324167,0.8073646767160793,Lachnospiraceae,0.9934386392716824
89S1,89.0,JAH-31_S31,Metabolic dysbiosis,1.0,1.0,1.0,0.0,57.04,1.0,1.0,1.0,1.0,1.0,22.0,1.0,1.0,1.0,9.0,0.0,2.0,3.0,101.0,0.0,0.0,1.0,0.0,0.0,1.0,0.0,1.0,0.0,0.0,0.0,0.0,0.0,1.0,0.0,1.0,0.0,gamma,50.0,50.0,50.0,5.358293443439663,3.717731736342511,3.717731736342511,0.8827825435330287,Bacteroides,0.993944202560104
93S1,93.0,JAH-33_S33,Minimal dysbiosis,1.0,1.0,0.0,0.0,69.9,0.0,1.0,1.0,1.0,1.0,48.0,0.0,1.0,1.0,11.0,4.0,5.0,0.0,94.0,1.0,0.0,1.0,0.0,0.0,0.0,1.0,0.0,0.0,1.0,0.0,0.0,0.0,0.0,0.0,0.0,1.0,alpha,58.0,58.0,58.0,8.225988160306532,4.782864764632127,4.782864764632127,0.9399669993387658,Bacteroides,0.9875311725035344
114S1,114.0,JAH-46_S46,Metabolic dysbiosis,1.0,1.0,1.0,0.0,71.69,1.0,1.0,1.0,1.0,1.0,36.0,1.0,1.0,1.0,24.0,7.0,12.0,1.0,233.0,1.0,1.0,0.0,0.0,0.0,0.0,1.0,0.0,0.0,0.0,0.0,0.0,0.0,0.0,0.0,1.0,0.0,beta,40.0,40.0,40.0,4.4081444576023046,2.8625092521568067,2.8625092521568067,0.7870091764061519,Parabacteroides,0.9963043383460828
115S1,115.0,JAH-47_S47,Metabolic dysbiosis,1.0,1.0,1.0,3.0,45.87,0.0,1.0,0.0,0.0,0.0,32.0,0.0,0.0,0.0,365.0,12.0,16.0,0.0,146.0,0.0,0.0,0.0,0.0,0.0,0.0,0.0,0.0,1.0,1.0,0.0,1.0,0.0,0.0,0.0,1.0,0.0,delta,100.0,100.0,100.0,11.971965894194955,4.699873763594775,4.699873763594775,0.9173758776627454,Bacteroides,0.9870481376967886
116S1,116.0,JAH-47_S47,Metabolic dysbiosis,1.0,1.0,0.0,0.0,64.69,1.0,1.0,1.0,1.0,1.0,32.0,1.0,1.0,1.0,17.0,0.0,0.0,1.0,273.0,0.0,1.0,1.0,0.0,0.0,0.0,0.0,0.0,1.0,1.0,0.0,1.0,0.0,0.0,0.0,1.0,0.0,delta,92.0,92.0,92.0,10.779281660198752,4.939971300965699,4.939971300965699,0.9457793346079,Lachnospiraceae,0.9863438075532288
117S1,117.0,JAH-48_S48,Metabolic dysbiosis,1.0,1.0,0.0,0.0,35.53,1.0,1.0,1.0,1.0,1.0,20.0,0.0,0.0,0.0,365.0,19.0,21.0,2.0,127.0,0.0,0.0,0.0,0.0,0.0,0.0,1.0,0.0,0.0,1.0,0.0,1.0,0.0,0.0,0.0,1.0,0.0,delta,85.0,85.0,85.0,9.948425351701545,3.432000007561203,3.432000007561203,0.7824558180172352,UBA1819,0.9928727689819908
119S1,119.0,JAH-49_S49,Minimal dysbiosis,1.0,1.0,1.0,0.0,67.41,0.0,1.0,0.0,0.0,0.0,18.0,0.0,0.0,0.0,365.0,7.0,0.0,0.0,122.0,0.0,1.0,0.0,0.0,0.0,0.0,0.0,0.0,0.0,0.0,0.0,0.0,1.0,0.0,0.0,0.0,1.0,alpha,111.0,111.0,111.0,13.287611886080995,5.379813022218543,5.379813022218543,0.9603177195566484,Bacteroides,0.9817078910295406
129S1,129.0,JAH-58_S58,Minimal dysbiosis,1.0,1.0,1.0,0.0,61.99,0.0,1.0,1.0,1.0,0.0,25.0,0.0,0.0,0.0,365.0,19.0,21.0,0.0,174.0,0.0,0.0,0.0,0.0,0.0,0.0,0.0,1.0,0.0,1.0,0.0,0.0,0.0,0.0,0.0,0.0,1.0,gamma,205.0,205.0,205.0,25.348699586322304,5.7420464426659255,5.7420464426659255,0.9530832976257798,UCG-002,0.9720239731704344
133S1,133.0,JAH-59_S59,Metabolic dysbiosis,1.0,1.0,0.0,0.0,57.49,1.0,1.0,1.0,0.0,0.0,31.0,1.0,1.0,1.0,10.0,5.0,5.0,2.0,167.0,0.0,0.0,0.0,0.0,1.0,0.0,0.0,0.0,1.0,1.0,0.0,0.0,0.0,0.0,0.0,1.0,0.0,gamma,85.27874755859375,85.0,85.0,9.644421046110596,4.05102193674472,4.05102193674472,0.8928150270351294,Bacteroides,0.9918878506029556
136S1,136.0,JAH-62_S62,Pathogen dysbiosis,1.0,1.0,1.0,0.0,49.37,0.0,1.0,1.0,0.0,0.0,24.0,0.0,0.0,1.0,242.0,23.0,24.0,0.0,300.0,0.0,0.0,0.0,0.0,0.0,0.0,0.0,0.0,1.0,1.0,0.0,0.0,0.0,0.0,1.0,0.0,0.0,delta,45.52237935559119,45.0,45.0,6.513724139262741,4.3582280572552365,4.3582280572552365,0.8939414062264185,Allorhizobium-Neorhizobium-Pararhizobium-Rhizobium,0.9894381987565056
138S1,138.0,JAH-64_S64,Minimal dysbiosis,1.0,1.0,1.0,0.0,46.28,1.0,1.0,1.0,1.0,1.0,33.0,0.0,0.0,0.0,365.0,25.0,26.0,3.0,93.0,0.0,0.0,1.0,0.0,0.0,1.0,1.0,1.0,0.0,1.0,0.0,0.0,0.0,1.0,0.0,0.0,1.0,gamma,110.0,110.0,110.0,13.975965109596473,5.094658854147701,5.094658854147701,0.937329510967985,Bacteroides,0.9833883459026664
139S1,139.0,JAH-65_S65,Pathogen dysbiosis,1.0,1.0,1.0,0.0,54.29,1.0,1.0,1.0,1.0,1.0,35.0,1.0,1.0,1.0,25.0,0.0,0.0,3.0,90.0,0.0,0.0,0.0,0.0,0.0,1.0,0.0,0.0,1.0,1.0,0.0,1.0,0.0,0.0,1.0,0.0,0.0,delta,45.0,45.0,45.0,5.262880650171615,2.655891612132495,2.655891612132495,0.72797632080433,Staphylococcus,0.9961761683142436
144S1,144.0,JAH-69_S69,Pathogen dysbiosis,1.0,1.0,0.0,0.0,71.42,1.0,1.0,1.0,1.0,1.0,27.0,1.0,1.0,1.0,5.0,0.0,4.0,2.0,150.0,0.0,1.0,0.0,1.0,0.0,0.0,0.0,1.0,0.0,0.0,0.0,0.0,0.0,0.0,1.0,0.0,0.0,gamma,30.0,30.0,30.0,3.562179070590156,1.0893238628520143,1.0893238628520143,0.2643655391224747,Erysipelatoclostridium,0.9981215285764884
147S1,147.0,JAH-71_S71,Pathogen dysbiosis,1.0,1.0,0.0,0.0,72.29,0.0,1.0,1.0,0.0,0.0,14.0,0.0,0.0,1.0,75.0,15.0,24.0,0.0,225.0,0.0,0.0,1.0,0.0,0.0,0.0,0.0,0.0,1.0,0.0,0.0,0.0,0.0,0.0,1.0,0.0,0.0,beta,38.0,38.0,38.0,4.372628540108646,0.9447542881303956,0.9447542881303956,0.2002670593386087,Enterococcus,0.9979429430642492
150S1,150.0,JAH-74_S74,Pathogen dysbiosis,1.0,1.0,1.0,0.0,77.01,1.0,1.0,1.0,0.0,0.0,17.0,1.0,1.0,1.0,12.0,0.0,3.0,1.0,225.0,1.0,0.0,1.0,0.0,0.0,0.0,1.0,0.0,1.0,1.0,0.0,0.0,0.0,0.0,1.0,0.0,0.0,delta,14.0,14.0,14.0,1.387927362549199,0.0833099507905766,0.0833099507905766,0.0141560797092388,Enterobacteriaceae,0.9988702277210232
153S1,153.0,JAH-77_S77,Minimal dysbiosis,1.0,1.0,0.0,0.0,64.54,0.0,0.0,0.0,0.0,0.0,21.0,0.0,0.0,1.0,235.0,23.0,26.0,0.0,154.0,0.0,1.0,1.0,1.0,0.0,0.0,0.0,1.0,1.0,0.0,0.0,0.0,0.0,1.0,0.0,0.0,1.0,delta,142.0,142.0,142.0,17.394506147619552,5.2935606247262585,5.2935606247262585,0.9313084581202076,Fenollaria,0.97946764729072
155S1,155.0,JAH-79_S79,Minimal dysbiosis,1.0,1.0,0.0,0.0,67.64,0.0,1.0,0.0,0.0,0.0,18.0,1.0,1.0,1.0,4.0,0.0,0.0,0.0,151.0,1.0,0.0,1.0,0.0,0.0,0.0,0.0,0.0,1.0,1.0,0.0,1.0,0.0,0.0,0.0,0.0,1.0,gamma,132.3235294117647,132.0,132.0,16.585429172223165,5.462145681140534,5.462145681140534,0.9615144200075784,Bacteroides,0.9803267896065644
156S1,156.0,JAH-80_S80,Pathogen dysbiosis,1.0,1.0,1.0,0.0,33.88,0.0,1.0,0.0,0.0,0.0,19.0,0.0,0.0,1.0,72.0,23.0,25.0,0.0,220.0,1.0,0.0,1.0,0.0,0.0,0.0,0.0,0.0,0.0,0.0,0.0,0.0,0.0,0.0,1.0,0.0,0.0,alpha,4.0,4.0,4.0,0.329250792642888,1.0412608236577887,1.0412608236577887,0.4991191625931078,Bacteroides,0.9984057138908616
160S1,160.0,JAH-82_S82,Pathogen dysbiosis,1.0,1.0,0.0,1.0,60.69,1.0,1.0,1.0,1.0,1.0,35.0,0.0,0.0,0.0,365.0,28.0,19.0,1.0,250.0,1.0,0.0,1.0,0.0,0.0,0.0,1.0,0.0,1.0,0.0,0.0,1.0,0.0,0.0,1.0,0.0,0.0,delta,28.0,28.0,28.0,2.7510659685465435,2.814428013248153,2.814428013248153,0.772006266573321,Bacteroides,0.9964392829415464
161S1,161.0,JAH-83_S83,Minimal dysbiosis,1.0,1.0,0.0,0.0,75.31,1.0,1.0,1.0,1.0,1.0,30.0,1.0,1.0,1.0,8.0,0.0,1.0,1.0,325.0,0.0,1.0,1.0,1.0,0.0,0.0,0.0,0.0,1.0,1.0,0.0,1.0,0.0,0.0,0.0,0.0,1.0,gamma,80.0,80.0,80.0,10.371602702397244,4.619114289821939,4.619114289821939,0.924300043212674,Bacteroides,0.9883290472911878
162S1,162.0,JAH-84_S84,Metabolic dysbiosis,1.0,1.0,0.0,0.0,78.21,0.0,1.0,0.0,0.0,0.0,27.0,1.0,1.0,1.0,6.0,0.0,2.0,0.0,484.0,0.0,1.0,1.0,1.0,0.0,0.0,0.0,0.0,1.0,1.0,0.0,1.0,0.0,0.0,0.0,1.0,0.0,beta,71.0,71.0,71.0,8.261611453303134,3.844704835258097,3.844704835258097,0.8536269442557056,Bacteroides,0.992332482134766
164S1,164.0,JAH-86_S86,Pathogen dysbiosis,1.0,1.0,0.0,0.0,32.47,0.0,1.0,1.0,1.0,0.0,19.0,0.0,0.0,0.0,365.0,22.0,25.0,0.0,313.0,0.0,0.0,0.0,0.0,1.0,0.0,0.0,0.0,1.0,1.0,0.0,0.0,0.0,0.0,1.0,0.0,0.0,delta,44.0,44.0,44.0,5.167138097641617,2.397740480081202,2.397740480081202,0.6858409552880576,Pseudomonas,0.99678468390888
165S1,165.0,JAH-87_S87,Pathogen dysbiosis,1.0,1.0,1.0,0.0,67.42,0.0,1.0,1.0,1.0,0.0,35.0,0.0,0.0,0.0,365.0,15.0,17.0,0.0,148.0,0.0,1.0,0.0,0.0,0.0,0.0,0.0,0.0,1.0,0.0,0.0,0.0,0.0,0.0,1.0,0.0,0.0,gamma,33.0,33.0,33.0,3.806684628234964,1.7178254443206746,1.7178254443206746,0.558516272108063,Enterococcus,0.9978283915540188
166S1,166.0,JAH-88_S88,Metabolic dysbiosis,1.0,1.0,0.0,0.0,23.8,1.0,1.0,1.0,1.0,0.0,33.0,1.0,1.0,1.0,7.0,0.0,2.0,3.0,73.0,0.0,0.0,0.0,0.0,0.0,1.0,0.0,0.0,1.0,1.0,0.0,0.0,0.0,0.0,0.0,1.0,0.0,delta,99.0,99.0,99.0,11.977091158429568,5.186758174480149,5.186758174480149,0.9523174533536276,Bacteroides,0.9836329080276668
